PID,AdoptionSpeed
1,4
2,2
7,2
9,4
11,1
12,1
25,4
33,4
34,4
35,1
43,4
50,4
51,3
52,2
53,4
55,2
62,4
67,4
69,3
70,4
73,1
74,2
75,2
76,1
80,2
86,3
88,4
91,1
92,2
94,4
104,2
107,2
112,3
113,4
115,1
116,4
118,1
120,2
121,4
126,4
127,4
134,2
137,4
139,2
140,4
150,3
154,2
157,2
159,2
165,4
178,4
182,4
183,4
186,4
191,2
192,3
196,2
197,4
198,2
199,2
203,2
214,1
217,4
219,2
226,2
228,2
230,2
235,2
240,2
241,2
242,2
245,1
247,2
248,2
249,2
252,2
256,1
261,2
264,4
265,4
267,4
270,2
271,2
272,2
273,4
276,3
278,2
279,3
280,2
292,4
296,2
304,4
305,3
308,2
313,4
314,4
321,4
324,4
325,2
331,2
336,4
337,3
351,2
358,4
364,4
366,2
367,1
376,2
378,4
383,1
384,4
385,4
388,2
389,2
390,4
393,2
395,4
396,1
398,2
399,4
401,1
403,4
405,2
408,4
411,4
412,1
419,4
420,4
421,2
427,2
431,3
435,1
437,2
438,4
441,4
444,3
445,3
446,4
447,4
450,1
453,2
462,4
464,2
467,2
469,2
471,2
473,2
475,2
478,2
485,2
488,4
489,4
498,2
499,1
503,2
506,2
507,2
508,2
509,2
512,2
513,3
517,2
518,3
522,4
523,1
524,2
529,1
530,2
531,2
532,2
534,3
535,4
536,3
540,2
549,2
551,2
554,3
558,3
560,2
568,4
571,4
574,4
575,2
577,2
581,4
594,4
611,1
614,4
615,4
618,4
619,2
627,2
630,1
631,1
645,4
648,1
653,1
661,4
671,2
675,1
678,2
679,4
680,2
684,4
688,1
705,4
707,2
710,4
715,2
716,2
717,4
719,1
720,2
723,4
725,2
727,2
731,1
735,2
737,4
742,4
745,1
748,4
751,2
755,1
758,2
759,1
763,2
766,4
767,2
769,4
771,3
774,2
777,4
778,2
785,1
789,4
795,2
796,2
799,2
800,1
805,2
806,2
807,4
810,2
811,2
813,2
814,4
820,2
825,2
828,4
836,1
843,3
847,2
851,4
853,2
860,2
868,3
869,3
876,4
884,1
890,2
891,4
892,2
897,4
905,2
906,1
917,2
918,4
920,2
922,1
923,2
931,1
932,3
937,1
943,4
947,2
948,2
953,2
959,4
966,4
971,4
972,3
981,2
984,4
989,2
990,4
996,4
998,2
1002,2
1003,4
1004,4
1007,3
1011,4
1012,1
1014,1
1015,1
1018,3
1022,1
1023,2
1024,3
1026,4
1027,1
1029,1
1037,3
1041,4
1044,1
1048,4
1050,4
1052,4
1053,4
1054,4
1056,4
1060,2
1061,3
1062,2
1065,2
1074,2
1079,2
1080,4
1083,4
1084,2
1088,2
1090,2
1098,2
1101,4
1102,4
1103,2
1104,1
1107,4
1110,4
1117,4
1120,4
1121,1
1122,4
1123,4
1130,3
1136,2
1140,2
1145,2
1146,1
1148,4
1149,4
1150,2
1151,4
1155,2
1157,2
1158,4
1160,2
1163,1
1165,4
1166,2
1171,2
1176,4
1178,1
1180,2
1183,1
1185,1
1189,4
1195,4
1196,2
1197,2
1198,4
1200,4
1205,2
1209,2
1213,1
1220,2
1223,4
1228,0
1230,4
1236,2
1238,2
1240,4
1241,2
1242,4
1243,2
1244,2
1248,4
1250,4
1261,2
1271,2
1272,4
1277,2
1281,3
1294,3
1299,2
1301,2
1304,2
1305,4
1306,2
1307,4
1309,2
1311,3
1313,1
1317,1
1322,4
1324,2
1327,3
1331,4
1333,1
1334,4
1342,1
1343,1
1344,4
1348,2
1350,1
1353,3
1355,2
1356,4
1360,4
1364,2
1366,1
1367,2
1370,2
1372,4
1375,4
1382,4
1386,2
1388,2
1395,4
1399,4
1403,2
1406,2
1407,4
1409,3
1415,2
1419,2
1424,2
1425,1
1427,4
1429,3
1437,2
1440,2
1444,4
1447,4
1448,3
1452,2
1455,1
1464,4
1466,4
1468,2
1469,4
1471,2
1472,1
1476,3
1477,4
1478,2
1480,1
1499,4
1509,1
1510,2
1511,4
1512,2
1517,2
1519,4
1521,3
1528,2
1532,3
1540,2
1544,4
1546,2
1550,4
1552,2
1553,4
1558,4
1559,1
1562,4
1564,3
1572,2
1573,2
1584,1
1589,2
1591,4
1594,4
1599,4
1607,1
1610,4
1616,2
1619,3
1623,2
1630,3
1633,2
1634,4
1638,2
1639,2
1641,3
1645,1
1647,1
1648,2
1649,2
1655,4
1662,3
1664,3
1665,2
1667,2
1669,1
1671,2
1672,2
1673,4
1674,2
1681,4
1683,1
1685,2
1686,4
1689,2
1698,2
1700,2
1712,4
1715,4
1718,4
1727,2
1728,4
1735,4
1740,3
1741,1
1742,2
1748,3
1754,4
1755,4
1756,4
1761,2
1766,2
1771,2
1772,4
1773,4
1774,1
1779,4
1781,2
1785,4
1791,4
1796,4
1800,2
1801,2
1805,4
1811,3
1815,2
1817,4
1823,2
1827,1
1828,4
1830,4
1833,4
1834,3
1838,4
1844,1
1848,1
1851,4
1852,2
1853,4
1854,2
1856,2
1858,4
1859,2
1860,4
1864,4
1865,2
1869,1
1870,2
1873,4
1874,2
1881,2
1883,2
1888,2
1889,2
1892,1
1895,2
1899,4
1902,2
1904,1
1906,2
1911,1
1912,1
1915,2
1916,2
1924,2
1935,4
1937,3
1942,4
1943,4
1944,4
1953,2
1954,2
1955,2
1959,2
1962,1
1971,4
1975,2
1978,4
1979,1
1981,1
1986,2
1989,2
1990,4
1994,2
1996,4
2002,4
2005,2
2007,2
2012,4
2017,4
2020,3
2022,2
2026,1
2027,1
2033,3
2040,2
2044,2
2045,2
2047,2
2053,2
2054,2
2062,1
2065,2
2070,2
2073,2
2074,1
2075,4
2078,2
2079,2
2083,3
2088,2
2090,4
2091,1
2095,4
2098,2
2100,2
2104,1
2106,2
2107,3
2109,4
2113,4
2119,4
2120,1
2122,4
2124,2
2128,4
2134,2
2135,3
2137,1
2139,4
2140,1
2142,2
2145,2
2149,4
2152,1
2153,2
2159,2
2163,0
2165,4
2173,4
2175,4
2185,1
2186,2
2187,3
2188,2
2191,4
2197,2
2200,4
2204,2
2205,2
2207,2
2209,4
2210,3
2211,1
2213,1
2214,4
2216,4
2218,2
2220,4
2230,4
2232,1
2233,1
2236,2
2240,2
2243,1
2244,4
2247,4
2251,4
2253,3
2254,3
2260,2
2262,4
2267,4
2274,2
2276,4
2286,2
2300,2
2304,4
2311,2
2313,2
2314,2
2320,2
2321,2
2324,4
2325,3
2326,2
2340,2
2344,4
2351,2
2353,2
2354,2
2356,2
2369,4
2371,1
2377,4
2379,2
2380,4
2381,2
2382,4
2388,0
2394,2
2408,4
2415,2
2422,2
2425,1
2427,4
2429,2
2431,2
2432,2
2434,4
2442,3
2443,4
2451,2
2460,2
2461,1
2471,3
2472,2
2473,2
2475,2
2477,4
2479,2
2481,4
2482,2
2485,1
2487,1
2492,2
2497,4
2498,4
2500,2
2501,2
2503,2
2506,2
2508,4
2509,4
2511,1
2515,2
2519,4
2524,2
2527,4
2529,4
2531,2
2534,2
2535,2
2536,1
2538,2
2539,2
2541,2
2542,4
2552,3
2553,2
2555,4
2560,2
2561,1
2568,2
2569,4
2571,4
2576,2
2581,2
2589,1
2590,2
2591,2
2595,4
2602,2
2608,1
2610,2
2613,2
2618,2
2620,2
2621,4
2623,2
2625,1
2631,4
2634,4
2636,4
2637,2
2638,4
2639,1
2642,2
2646,2
2654,4
2656,2
2657,4
2661,2
2668,2
2672,4
2674,2
2681,4
2694,1
2698,1
2699,1
2701,3
2704,4
2705,1
2710,2
2717,4
2718,4
2720,2
2721,2
2722,2
2730,2
2733,2
2734,2
2735,4
2736,2
2738,2
2745,2
2748,0
2754,4
2757,4
2758,3
2765,1
2772,2
2781,4
2782,2
2783,2
2784,4
2786,1
2788,2
2789,2
2790,2
2791,2
2798,0
2800,2
2801,2
2802,2
2803,2
2805,2
2806,2
2809,4
2815,4
2820,4
2825,4
2826,2
2835,2
2836,4
2838,2
2841,0
2842,1
2843,2
2846,4
2853,2
2860,2
2862,2
2867,3
2870,4
2871,3
2872,2
2874,4
2881,4
2885,1
2888,2
2889,2
2892,2
2895,2
2901,4
2906,4
2912,4
2913,1
2916,2
2917,2
2921,2
2922,2
2925,2
2926,2
2927,2
2928,1
2934,2
2936,2
2938,4
2943,2
2944,2
2949,4
2950,2
2952,4
2954,1
2956,1
2957,2
2959,4
2963,2
2964,2
2965,4
2966,2
2968,2
2972,1
2973,0
2976,4
2978,2
2979,2
2982,2
2983,4
2985,2
2988,2
2989,4
2991,4
2995,2
2999,4
3001,4
3005,4
3006,4
3016,4
3019,1
3026,2
3032,4
3037,4
3041,1
3044,1
3045,2
3055,2
3059,4
3067,2
3070,1
3075,4
3076,4
3079,2
3080,2
3081,4
3084,2
3091,4
3093,4
3096,2
3101,4
3102,4
3106,1
3112,4
3115,3
3116,2
3124,2
3128,2
3129,1
3130,4
3131,1
3132,2
3136,4
3137,2
3141,1
3146,2
3148,3
3152,1
3156,2
3158,4
3166,4
3168,3
3177,4
3178,4
3188,2
3189,1
3191,2
3192,2
3196,2
3197,4
3203,4
3205,4
3206,2
3207,2
3218,2
3219,2
3225,4
3237,3
3244,4
3248,1
3259,1
3264,4
3272,4
3274,2
3275,2
3276,3
3279,2
3282,3
3283,4
3287,4
3288,1
3291,2
3294,1
3299,3
3301,4
3310,2
3312,3
3318,2
3319,2
3322,1
3324,2
3325,4
3326,3
3331,3
3334,4
3335,2
3336,2
3337,4
3340,3
3345,2
3352,2
3358,2
3360,2
3364,2
3374,2
3375,1
3376,2
3385,4
3391,2
3392,4
3394,2
3395,1
3396,2
3397,3
3402,2
3404,4
3405,0
3406,2
3407,2
3414,2
3420,2
3422,4
3424,2
3428,2
3431,4
3432,2
3434,2
3438,1
3439,4
3443,2
3444,4
3446,4
3447,2
3454,1
3465,1
3468,4
3471,2
3474,2
3475,4
3476,4
3483,2
3492,4
3493,4
3496,2
3497,2
3499,2
3501,1
3502,4
3504,4
3506,1
3508,2
3512,2
3513,4
3514,4
3515,4
3526,1
3527,3
3528,3
3531,2
3541,4
3544,4
3550,4
3561,2
3565,2
3568,2
3569,4
3572,4
3573,4
3574,4
3578,2
3581,2
3583,2
3587,2
3590,4
3606,1
3608,4
3609,2
3613,1
3617,4
3618,2
3623,4
3627,4
3628,4
3630,1
3636,3
3641,1
3644,4
3649,3
3650,4
3652,1
3659,1
3666,4
3672,2
3678,1
3680,2
3682,4
3686,4
3690,3
3692,1
3696,2
3698,4
3703,4
3704,4
3705,2
3706,2
3709,4
3711,3
3712,2
3714,1
3721,2
3722,2
3725,4
3731,1
3737,2
3738,1
3740,4
3741,4
3742,4
3749,4
3750,2
3751,2
3759,4
3761,4
3771,2
3773,2
3775,1
3776,2
3779,4
3783,2
3784,4
3789,4
3793,4
3801,1
3802,4
3803,2
3805,2
3817,4
3818,2
3822,2
3828,3
3831,2
3832,1
3836,2
3838,4
3846,3
3848,4
3853,2
3859,4
3860,2
3873,2
3877,4
3881,1
3882,3
3884,4
3885,2
3886,1
3890,2
3894,2
3895,1
3897,2
3899,2
3902,2
3904,2
3913,4
3914,4
3916,4
3919,3
3920,2
3922,2
3924,2
3930,2
3940,1
3941,3
3951,4
3952,2
3955,2
3956,2
3965,1
3970,2
3973,4
3975,3
3980,2
3981,1
3984,4
3985,2
3989,2
3992,2
4001,1
4002,2
4016,1
4017,4
4023,1
4025,1
4028,2
4033,2
4035,2
4036,4
4037,2
4040,2
4048,2
4050,2
4052,3
4054,2
4056,1
4058,2
4059,2
4062,4
4064,2
4067,4
4069,1
4078,4
4083,1
4088,4
4090,2
4093,2
4106,1
4108,4
4116,2
4119,2
4123,2
4124,4
4127,2
4136,4
4143,4
4144,2
4148,4
4149,1
4152,4
4157,1
4158,2
4171,2
4174,2
4175,4
4177,2
4189,2
4190,3
4191,2
4193,4
4200,3
4203,3
4215,4
4222,4
4223,3
4225,4
4230,4
4233,1
4237,4
4238,2
4242,2
4245,2
4249,4
4256,2
4261,3
4268,1
4269,4
4271,4
4281,2
4286,1
4289,2
4293,2
4301,2
4302,4
4304,1
4308,2
4309,2
4311,1
4313,4
4314,4
4316,2
4321,4
4324,2
4325,1
4327,4
4329,2
4337,4
4342,2
4343,2
4346,2
4348,4
4350,1
4353,1
4362,2
4377,1
4384,2
4386,1
4394,4
4395,1
4404,1
4406,4
4421,4
4423,2
4429,4
4433,1
4437,2
4438,2
4440,3
4441,4
4445,4
4447,2
4449,1
4452,4
4453,2
4454,2
4462,2
4468,4
4469,2
4470,2
4471,4
4485,1
4488,2
4493,2
4494,1
4506,1
4509,4
4517,4
4520,4
4522,1
4524,4
4526,2
4527,1
4545,2
4549,3
4550,2
4553,4
4558,4
4559,4
4560,4
4562,2
4565,1
4569,1
4573,1
4574,1
4578,4
4580,4
4582,2
4583,2
4585,2
4589,2
4596,4
4601,4
4602,4
4604,2
4605,1
4606,4
4608,2
4616,1
4617,3
4619,2
4620,2
4621,2
4624,4
4632,2
4633,2
4635,4
4638,2
4639,1
4640,4
4642,3
4644,2
4645,4
4648,1
4651,3
4653,4
4656,1
4659,1
4663,2
4664,2
4665,1
4667,2
4671,1
4672,2
4675,1
4677,2
4682,4
4684,4
4689,1
4695,2
4699,4
4706,4
4708,2
4713,1
4717,4
4719,4
4726,3
4727,2
4728,1
4732,2
4733,3
4740,2
4743,2
4749,1
4754,4
4755,1
4757,4
4759,1
4761,1
4762,2
4765,4
4766,4
4768,1
4773,2
4775,2
4786,2
4787,3
4791,2
4797,1
4802,1
4804,2
4807,1
4809,4
4811,1
4814,2
4815,4
4816,4
4817,1
4818,1
4830,2
4831,4
4840,4
4841,1
4846,3
4848,1
4850,2
4852,2
4857,1
4858,4
4859,2
4861,2
4869,4
4879,2
4882,4
4885,2
4899,0
4904,2
4906,3
4908,1
4910,4
4915,3
4918,4
4920,3
4921,2
4923,4
4928,2
4929,4
4932,2
4936,2
4938,2
4939,2
4942,3
4944,4
4945,1
4947,3
4948,1
4949,3
4955,2
4959,1
4963,4
4966,4
4967,2
4968,4
4971,4
4973,2
4980,4
4983,4
4986,4
4988,1
4989,2
4990,4
4995,1
4998,4
5002,4
5004,4
5006,2
5007,4
5011,2
5019,4
5022,2
5023,1
5024,0
5028,4
5037,2
5038,4
5039,4
5040,1
5051,1
5060,4
5061,2
5064,1
5068,4
5071,3
5074,4
5082,1
5086,1
5092,2
5096,4
5108,1
5109,4
5110,2
5111,1
5113,2
5118,1
5121,2
5124,4
5129,2
5134,1
5139,4
5143,2
5145,1
5147,2
5152,3
5153,2
5157,1
5165,2
5169,4
5175,4
5176,4
5179,4
5181,2
5183,2
5184,1
5185,1
5188,3
5191,2
5192,2
5193,4
5195,2
5196,4
5201,3
5203,3
5204,4
5206,4
5208,1
5210,4
5213,4
5217,2
5227,4
5232,4
5240,3
5243,4
5244,2
5246,2
5247,4
5251,2
5254,4
5259,2
5261,2
5264,1
5268,1
5273,2
5278,2
5280,4
5283,2
5285,2
5286,1
5289,2
5294,4
5300,2
5302,4
5303,4
5308,4
5309,4
5312,4
5313,2
5317,2
5323,2
5334,2
5335,2
5338,1
5340,3
5341,4
5344,4
5350,1
5351,4
5357,4
5358,1
5365,2
5368,1
5373,2
5375,4
5378,3
5387,4
5389,2
5392,2
5394,2
5399,4
5401,3
5402,4
5405,3
5406,4
5412,2
5422,2
5426,4
5429,2
5435,1
5437,4
5439,4
5443,2
5454,4
5458,2
5459,0
5460,2
5466,1
5467,2
5468,1
5473,3
5478,2
5480,1
5483,2
5485,1
5489,2
5491,1
5497,1
5511,1
5512,4
5513,1
5515,4
5516,4
5517,3
5520,2
5533,2
5537,2
5542,4
5543,4
5552,4
5554,2
5555,4
5557,2
5561,1
5564,1
5567,1
5568,2
5569,1
5570,1
5572,4
5577,2
5578,4
5582,2
5583,1
5588,2
5593,4
5599,2
5606,4
5607,2
5612,2
5615,2
5616,4
5621,4
5622,4
5623,2
5625,2
5630,4
5637,4
5641,2
5647,3
5650,4
5657,4
5658,3
5662,4
5665,1
5666,2
5667,2
5669,2
5670,4
5674,1
5678,2
5682,4
5685,2
5687,4
5694,4
5698,4
5704,3
5706,3
5709,4
5711,2
5713,1
5722,4
5729,4
5730,1
5740,1
5742,1
5743,1
5747,2
5748,2
5751,3
5753,3
5754,2
5760,1
5761,3
5762,2
5764,2
5765,2
5769,3
5771,1
5773,4
5778,4
5785,4
5787,1
5788,1
5792,2
5793,4
5795,2
5797,4
5798,4
5803,2
5807,1
5811,3
5812,4
5818,1
5820,3
5822,4
5823,4
5830,2
5832,4
5834,2
5836,2
5844,1
5847,1
5851,2
5852,3
5853,4
5855,2
5864,3
5866,4
5868,2
5873,2
5876,2
5883,4
5887,4
5888,4
5890,4
5896,2
5898,2
5907,3
5911,2
5912,1
5916,2
5921,2
5925,4
5926,2
5929,4
5933,4
5935,3
5943,3
5944,4
5949,2
5952,3
5958,4
5959,3
5961,4
5963,1
5965,3
5966,2
5968,3
5969,2
5970,4
5972,2
5973,2
5975,3
5982,2
5987,4
5989,2
5997,1
6002,1
6005,2
6010,4
6011,3
6012,4
6015,3
6021,2
6022,2
6026,4
6028,2
6032,2
6036,2
6037,3
6039,2
6044,2
6045,2
6048,3
6049,4
6051,1
6054,1
6058,2
6059,3
6065,2
6070,4
6081,2
6086,2
6088,4
6091,2
6095,3
6097,3
6099,1
6101,2
6103,2
6109,4
6110,1
6112,1
6115,1
6117,2
6123,3
6124,3
6125,4
6131,2
6137,4
6139,2
6143,2
6144,1
6149,2
6156,1
6157,2
6159,1
6167,1
6173,4
6183,4
6185,2
6186,2
6192,2
6193,2
6197,2
6200,2
6202,4
6205,2
6214,1
6215,2
6220,4
6221,2
6227,1
6228,4
6231,4
6235,2
6238,1
6239,2
6240,4
6243,3
6244,4
6247,4
6248,2
6258,2
6261,4
6263,4
6264,4
6266,3
6271,1
6278,3
6280,4
6282,2
6283,2
6286,2
6288,4
6292,2
6294,4
6295,3
6298,2
6300,4
6303,2
6309,2
6315,1
6316,4
6326,2
6331,3
6335,4
6343,2
6347,2
6349,3
6354,2
6355,1
6358,3
6369,4
6372,2
6373,1
6376,2
6377,2
6378,1
6379,2
6387,4
6392,4
6394,2
6399,4
6401,4
6403,4
6405,2
6409,2
6412,4
6417,2
6418,2
6420,1
6426,2
6427,2
6430,2
6431,2
6432,4
6434,4
6442,4
6446,3
6450,1
6451,4
6454,2
6462,2
6464,2
6468,2
6469,1
6471,4
6473,2
6474,4
6475,2
6486,2
6489,4
6494,2
6499,4
6505,4
6506,2
6507,2
6508,2
6511,1
6512,4
6513,2
6516,3
6517,4
6518,4
6522,4
6525,2
6527,3
6529,2
6531,4
6532,3
6537,2
6541,1
6542,4
6554,4
6555,4
6558,1
6559,4
6573,4
6575,2
6576,4
6580,2
6581,2
6582,1
6589,1
6593,2
6594,2
6598,3
6603,2
6608,4
6610,2
6611,4
6615,2
6619,4
6624,4
6626,2
6636,3
6640,1
6641,3
6643,3
6646,2
6647,2
6649,2
6651,2
6663,4
6664,2
6665,4
6667,1
6671,2
6675,2
6682,2
6690,4
6693,1
6695,3
6698,2
6701,2
6705,2
6706,4
6709,4
6712,1
6713,4
6714,1
6720,2
6722,4
6728,2
6729,4
6732,2
6736,3
6739,1
6743,2
6745,2
6748,3
6756,1
6758,3
6764,2
6765,2
6766,2
6768,2
6771,4
6776,1
6778,4
6784,4
6785,3
6786,2
6787,3
6788,2
6790,4
6796,1
6805,2
6806,2
6810,2
6813,4
6817,3
6818,4
6819,3
6822,4
6823,1
6825,4
6830,3
6833,2
6834,2
6839,4
6840,2
6844,4
6851,4
6852,4
6853,1
6858,2
6861,2
6862,4
6869,4
6874,4
6878,2
6880,1
6884,2
6885,1
6891,4
6892,4
6895,2
6896,2
6907,2
6908,4
6911,3
6917,4
6920,4
6934,4
6937,4
6940,3
6941,1
6945,2
6948,4
6950,4
6954,2
6958,4
6959,3
6962,4
6966,1
6976,2
6977,2
6978,2
6982,2
6983,1
6984,3
6990,2
6994,3
6997,1
7002,4
7003,4
7011,2
7015,2
7019,2
7021,1
7022,3
7023,3
7027,1
7035,2
7040,1
7044,2
7046,2
7050,2
7052,4
7056,2
7058,4
7059,1
7060,4
7063,4
7079,2
7081,4
7091,2
7096,3
7099,3
7102,2
7108,4
7110,2
7111,4
7115,2
7116,2
7120,2
7123,2
7129,2
7135,3
7136,2
7140,4
7142,4
7144,2
7145,1
7146,2
7150,4
7152,1
7153,2
7155,2
7160,4
7164,2
7166,3
7171,2
7173,1
7176,4
7177,1
7182,4
7183,2
7185,4
7194,4
7197,2
7198,4
7199,2
7204,2
7209,2
7217,2
7218,4
7219,4
7220,1
7224,4
7225,1
7226,4
7228,1
7237,2
7240,1
7241,4
7247,4
7249,2
7250,4
7251,1
7253,3
7258,4
7264,4
7271,2
7275,4
7278,1
7288,2
7289,1
7290,2
7295,4
7303,2
7305,4
7306,4
7308,4
7310,2
7315,2
7319,2
7323,2
7327,4
7331,3
7332,2
7340,2
7348,2
7349,2
7355,2
7356,4
7357,2
7359,4
7360,2
7363,4
7369,2
7382,1
7387,2
7392,4
7397,4
7407,2
7413,2
7419,2
7435,4
7445,1
7454,4
7455,4
7462,4
7466,4
7470,2
7472,1
7478,4
7487,4
7489,2
7494,2
7497,2
7501,4
7505,4
7509,2
7510,2
7511,1
7515,4
7518,4
7523,4
7534,3
7535,4
7536,1
7543,1
7546,1
7548,2
7549,1
7550,2
7559,4
7560,4
7563,2
7565,1
7566,4
7568,4
7573,1
7577,1
7578,4
7579,4
7587,4
7591,4
7592,4
7593,4
7595,2
7598,2
7603,2
7612,4
7617,2
7618,4
7620,2
7626,2
7628,4
7629,1
7633,1
7653,4
7654,2
7655,2
7656,1
7662,4
7668,1
7670,4
7672,4
7676,2
7677,2
7680,1
7685,2
7686,2
7689,2
7691,2
7694,2
7700,1
7701,2
7707,2
7709,4
7715,1
7717,2
7719,2
7721,2
7723,4
7724,4
7728,4
7733,1
7736,2
7742,4
7747,2
7755,4
7757,2
7758,4
7763,2
7769,3
7771,2
7777,1
7778,2
7782,4
7784,1
7787,4
7794,1
7796,1
7802,4
7806,2
7807,4
7817,2
7818,2
7823,4
7825,2
7826,2
7833,2
7839,2
7844,2
7846,2
7852,4
7865,2
7870,4
7872,1
7873,2
7883,4
7885,4
7892,1
7895,3
7896,4
7899,2
7903,4
7905,4
7907,2
7910,2
7921,4
7924,2
7926,4
7927,1
7928,2
7930,1
7931,2
7942,1
7947,4
7948,1
7950,2
7954,2
7957,2
7960,2
7969,3
7970,4
7973,3
7976,2
7977,3
7978,2
7979,4
7985,1
7986,2
7988,2
7989,1
7998,4
8000,4
8003,1
8006,2
8010,2
8015,2
8019,1
8021,2
8022,4
8026,2
8029,1
8034,3
8037,3
8039,4
8040,4
8043,4
8046,2
8048,3
8052,2
8054,1
8062,1
8064,2
8072,4
8074,4
8086,4
8087,4
8089,1
8090,2
8093,4
8095,4
8100,4
8101,1
8104,3
8108,4
8109,1
8112,2
8116,1
8127,2
8128,2
8130,4
8132,1
8137,3
8141,2
8144,2
8147,4
8151,4
8153,4
8154,2
8156,1
8159,4
8160,1
8170,2
8171,4
8177,1
8183,4
8187,2
8190,2
8202,2
8211,2
8219,3
8220,1
8223,4
8232,1
8236,2
8237,1
8240,2
8248,0
8249,4
8250,4
8251,4
8255,3
8257,1
8259,1
8262,2
8264,4
8275,1
8281,2
8282,2
8285,2
8290,1
8294,1
8295,1
8299,2
8300,2
8302,3
8316,4
8317,2
8318,4
8325,2
8327,2
8328,3
8330,4
8332,2
8334,1
8336,2
8339,2
8340,2
8344,4
8345,4
8346,1
8350,2
8352,2
8360,4
8365,2
8367,2
8373,1
8383,2
8386,4
8392,3
8393,4
8394,4
8395,4
8398,2
8399,2
8401,4
8411,4
8416,2
8418,2
8427,2
8433,2
8434,2
8447,1
8449,1
8454,2
8458,2
8460,2
8461,4
8463,2
8464,4
8474,2
8475,4
8479,2
8482,2
8483,1
8484,2
8485,1
8490,1
8493,4
8495,4
8496,2
8503,4
8505,4
8508,2
8512,2
8516,4
8517,2
8519,4
8527,2
8530,4
8533,1
8537,1
8539,2
8542,4
8546,4
8550,4
8558,2
8559,2
8561,4
8563,2
8566,2
8567,2
8574,2
8581,4
8582,2
8586,2
8587,2
8590,2
8593,2
8594,1
8601,4
8602,1
8609,4
8611,3
8612,4
8615,4
8616,2
8620,2
8623,1
8627,4
8635,2
8636,1
8640,2
8648,1
8659,1
8666,1
8669,2
8670,1
8677,4
8681,4
8696,2
8700,2
8701,4
8706,4
8709,4
8710,1
8714,4
8715,3
8718,2
8721,2
8724,1
8725,2
8731,2
8735,2
8754,2
8755,4
8763,4
8765,2
8766,3
8774,4
8776,2
8778,4
8781,1
8787,1
8790,2
8793,4
8800,4
8803,4
8805,2
8807,1
8812,2
8815,2
8821,2
8824,2
8832,2
8834,4
8838,4
8841,4
8843,3
8845,4
8846,4
8850,2
8861,2
8862,4
8870,2
8874,4
8884,1
8886,1
8891,4
8892,3
8899,2
8901,3
8902,1
8903,4
8909,1
8910,2
8911,4
8912,4
8917,2
8923,1
8929,0
8937,2
8942,2
8943,2
8945,1
8946,2
8947,2
8951,3
8957,2
8959,1
8967,1
8977,2
8980,2
8987,1
8988,2
8997,2
8999,2
9000,2
9002,2
9017,2
9021,2
9028,3
9031,3
9033,3
9035,3
9037,2
9038,2
9042,2
9048,4
9050,4
9055,4
9056,4
9060,4
9061,2
9062,4
9070,4
9071,4
9075,1
9076,1
9077,4
9078,1
9083,4
9087,2
9093,2
9095,2
9098,2
9101,3
9103,2
9107,4
9109,2
9110,2
9117,4
9118,4
9119,1
9120,2
9123,2
9125,4
9128,2
9129,2
9131,4
9134,2
9142,4
9144,1
9156,2
9160,2
9162,4
9164,2
9165,4
9166,4
9171,4
9177,3
9184,2
9185,2
9186,2
9188,1
9189,3
9190,2
9192,2
9193,2
9194,2
9196,2
9197,4
9200,4
9204,4
9208,1
9210,2
9211,4
9217,3
9218,2
9224,2
9225,4
9227,1
9229,2
9232,4
9234,4
9243,3
9245,2
9254,3
9258,4
9264,2
9274,2
9281,1
9282,4
9284,1
9285,4
9287,2
9294,3
9295,2
9296,2
9297,1
9298,2
9302,4
9304,2
9307,2
9312,3
9316,2
9319,2
9321,4
9325,4
9326,2
9329,2
9331,2
9333,2
9337,4
9342,2
9343,4
9345,2
9346,2
9347,2
9349,1
9352,2
9355,2
9356,4
9358,4
9361,1
9367,0
9368,1
9370,2
9373,0
9378,4
9385,2
9386,3
9390,2
9391,4
9393,3
9412,4
9420,2
9424,2
9425,4
9427,2
9429,2
9430,4
9432,2
9436,2
9439,1
9446,4
9447,4
9454,2
9457,2
9462,3
9464,4
9465,4
9466,2
9467,4
9472,1
9474,4
9475,2
9476,1
9477,2
9483,2
9484,4
9498,2
9501,2
9503,4
9517,4
9522,4
9526,2
9528,3
9529,2
9531,1
9533,1
9537,4
9549,3
9551,2
9552,1
9555,2
9560,4
9567,4
9569,1
9576,2
9577,4
9584,4
9585,4
9589,4
9592,1
9601,2
9605,1
9606,4
9609,2
9612,2
9614,4
9615,2
9617,4
9618,2
9623,2
9627,1
9636,4
9646,4
9656,1
9659,2
9665,3
9668,4
9669,1
9676,2
9683,2
9689,3
9690,1
9693,2
9697,2
9699,2
9700,1
9702,2
9703,4
9711,2
9719,2
9720,1
9722,2
9723,3
9725,1
9726,2
9731,2
9733,1
9734,4
9742,2
9746,1
9749,3
9753,3
9757,3
9760,2
9762,4
9763,3
9764,4
9767,4
9768,4
9770,3
9774,1
9777,4
9783,2
9785,4
9796,2
9799,2
9800,2
9805,0
9806,4
9808,4
9811,2
9813,4
9814,3
9821,2
9825,2
9828,3
9831,2
9833,1
9836,2
9838,1
9839,2
9840,1
9841,3
9843,2
9846,2
9851,2
9854,3
9860,2
9862,4
9863,4
9868,4
9878,4
9883,2
9886,2
9887,1
9890,2
9892,2
9893,2
9894,1
9896,1
9898,2
9904,2
9906,3
9911,2
9915,1
9921,1
9927,4
9928,2
9929,3
9930,1
9938,1
9939,2
9940,1
9956,4
9957,2
9966,4
9968,4
9971,4
9972,2
9977,2
9978,2
9983,4
9984,4
9989,4
9993,3
9995,2
9996,1
9997,4
10005,2
10008,2
10009,1
10010,1
10011,3
10012,2
10022,1
10024,4
10026,4
10027,4
10031,4
10032,4
10033,4
10036,4
10040,4
10044,3
10048,4
10049,3
10050,0
10052,2
10057,4
10067,0
10069,2
10070,2
10071,2
10074,2
10079,2
10086,2
10088,4
10093,1
10094,4
10097,2
10100,2
10102,4
10104,1
10112,4
10119,4
10122,2
10123,4
10125,2
10127,2
10130,4
10142,1
10145,2
10146,4
10148,2
10150,4
10154,2
10158,4
10159,4
10164,1
10176,2
10179,4
10186,2
10187,4
10193,4
10195,4
10196,2
10197,2
10206,4
10210,2
10214,2
10215,1
10221,4
10222,2
10226,2
10227,1
10232,2
10234,2
10236,2
10238,2
10245,4
10247,4
10248,4
10254,1
10258,2
10263,0
10264,2
10272,4
10274,2
10277,4
10282,2
10283,4
10295,3
10296,4
10299,1
10300,4
10301,1
10303,2
10305,1
10306,1
10308,2
10310,4
10312,1
10314,2
10318,2
10322,4
10329,2
10330,4
10335,4
10339,1
10343,2
10344,2
10347,2
10353,2
10356,4
10360,1
10361,2
10362,2
10363,4
10366,3
10371,4
10374,3
10378,2
10379,4
10380,3
10381,2
10383,2
10384,2
10387,2
10388,2
10389,4
10390,2
10395,2
10404,2
10410,1
10411,2
10414,2
10415,4
10424,4
10425,4
10427,4
10429,2
10434,2
10441,2
10442,4
10443,2
10445,4
10449,4
10450,1
10451,2
10452,1
10453,2
10454,4
10462,1
10463,2
10468,2
10471,4
10472,4
10474,2
10482,3
10485,4
10487,2
10502,2
10504,1
10508,2
10518,1
10519,2
10522,1
10525,1
10528,2
10530,2
10531,4
10532,4
10542,2
10543,2
10544,4
10546,2
10547,1
10554,1
10557,2
10559,2
10561,4
10565,2
10566,2
10568,2
10571,4
10574,2
10575,4
10576,2
10577,4
10579,2
10581,2
10587,1
10588,4
10590,2
10594,2
10595,4
10603,3
10607,1
10608,4
10609,2
10611,2
10616,4
10617,2
10623,4
10624,1
10626,4
10631,1
10635,1
10637,2
10638,4
10641,4
10643,2
10646,2
10647,1
10648,4
10650,2
10651,1
10652,4
10655,4
10662,2
10668,2
10670,1
10675,4
10676,2
10681,4
10683,1
10688,1
10690,4
10692,2
10694,2
10695,2
10696,4
10698,1
10703,3
10712,1
10713,4
10714,2
10723,2
10731,2
10732,2
10736,2
10741,2
10746,1
10747,2
10757,4
10759,4
10762,3
10764,4
10777,2
10778,2
10780,2
10782,4
10783,4
10784,2
10788,3
10790,4
10792,1
10798,1
10801,2
10803,2
10804,2
10808,3
10811,4
10813,2
10814,2
10816,3
10817,2
10822,3
10827,4
10828,2
10835,2
10837,4
10840,3
10842,4
10845,2
10847,4
10848,3
10853,2
10856,2
10858,4
10860,2
10865,3
10867,2
10874,2
10879,1
10888,3
10890,2
10892,2
10902,4
10908,3
10913,1
10914,2
10920,2
10924,4
10926,1
10929,2
10930,1
10933,2
10936,4
10947,2
10949,4
10951,2
10954,4
10955,4
10957,2
10959,4
10964,4
10971,2
10974,2
10976,1
10977,4
10982,1
10988,4
10992,4
10994,4
10996,2
11005,4
11007,4
11012,2
11014,4
11015,2
11017,4
11019,4
11020,2
11022,2
11028,4
11033,1
11034,1
11035,2
11038,4
11039,2
11042,1
11043,4
11045,2
11053,4
11054,4
11057,2
11059,2
11060,1
11062,2
11063,2
11071,2
11079,2
11080,1
11084,4
11086,1
11090,1
11091,2
11096,2
11097,2
11098,4
11099,1
11101,1
11102,2
11104,2
11106,2
11115,2
11116,3
11118,4
11120,4
11125,4
11126,4
11129,2
11130,2
11137,4
11139,4
11140,2
11141,4
11143,3
11148,2
11149,1
11154,2
11156,4
11162,2
11163,2
11170,4
11171,2
11172,4
11174,2
11177,1
11180,2
11181,2
11182,2
11185,3
11196,2
11199,3
11203,3
11204,4
11205,2
11206,3
11211,2
11214,4
11222,2
11223,4
11226,2
11227,2
11230,4
11237,4
11241,3
11245,2
11249,2
11251,1
11252,2
11253,2
11255,2
11258,2
11264,3
11265,4
11268,2
11278,4
11279,3
11282,2
11284,2
11286,0
11289,4
11293,2
11306,2
11308,4
11313,4
11314,1
11315,4
11319,4
11324,2
11328,3
11330,2
11332,2
11333,2
11338,4
11343,2
11345,2
11346,2
11349,2
11354,4
11357,4
11358,2
11360,4
11362,1
11365,4
11367,4
11369,4
11370,2
11372,4
11374,2
11376,2
11381,4
11387,1
11388,4
11394,2
11396,4
11402,3
11404,2
11416,2
11418,4
11420,4
11422,1
11424,1
11432,2
11434,2
11437,4
11438,2
11439,1
11445,4
11446,2
11449,4
11454,4
11458,2
11459,2
11469,4
11472,2
11474,2
11477,1
11479,4
11488,4
11490,1
11493,1
11499,4
11501,4
11505,4
11506,4
11512,2
11514,2
11518,2
11519,1
11525,1
11527,2
11530,4
11532,2
11535,2
11536,2
11539,2
11540,1
11542,2
11547,1
11549,4
11551,2
11552,2
11556,0
11557,2
11559,2
11562,2
11564,1
11569,3
11574,2
11577,2
11579,1
11582,4
11583,4
11588,2
11591,1
11594,1
11595,1
11601,2
11602,4
11603,2
11605,4
11610,1
11613,4
11615,1
11618,4
11626,2
11630,1
11631,4
11632,4
11633,2
11640,4
11641,2
11643,4
11649,2
11654,2
11656,3
11657,3
11660,3
11661,2
11663,1
11664,2
11667,4
11673,2
11684,4
11687,3
11692,2
11693,2
11697,4
11698,2
11706,2
11707,2
11710,4
11721,4
11727,1
11730,4
11735,4
11738,2
11743,2
11744,4
11751,2
11752,4
11756,2
11757,2
11758,4
11774,2
11778,4
11782,4
11783,4
11785,2
11786,4
11790,4
11792,3
11795,4
11803,4
11804,1
11806,4
11810,4
11811,4
11818,4
11820,4
11823,2
11824,1
11827,4
11831,2
11832,2
11833,1
11837,4
11842,1
11844,4
11846,2
11847,2
11849,4
11851,2
11852,4
11853,4
11858,4
11859,4
11860,3
11862,4
11863,4
11864,2
11870,2
11874,2
11875,2
11876,4
11879,3
11884,1
11897,3
11901,2
11904,2
11905,4
11906,1
11910,4
11913,3
11914,3
11915,2
11916,4
11917,4
11919,2
11920,1
11923,2
11925,1
11936,2
11943,1
11944,2
11945,2
11949,4
11950,2
11954,2
11955,2
11957,4
11959,1
11960,2
11961,1
11966,1
11969,1
11975,2
11977,2
11988,2
11989,4
11992,4
11994,1
11996,2
11998,1
12003,4
12005,2
12007,2
12009,2
12010,2
12012,2
12013,2
12017,4
12022,4
12023,2
12026,1
12032,1
12034,4
12037,4
12042,1
12044,2
12047,3
12048,2
12053,1
12054,4
12056,4
12060,2
12061,2
12064,2
12067,1
12068,4
12073,1
12075,2
12079,2
12093,1
12097,3
12098,4
12102,4
12103,2
12105,4
12106,4
12111,1
12113,4
12114,2
12117,1
12118,4
12119,1
12123,4
12125,2
12127,2
12136,1
12139,4
12141,1
12166,2
12167,4
12171,2
12173,1
12181,2
12185,4
12186,4
12192,2
12196,4
12201,4
12203,2
12206,2
12212,4
12213,4
12224,2
12231,3
12235,2
12236,4
12237,2
12239,4
12242,1
12243,3
12249,1
12251,1
12252,4
12254,2
12259,2
12260,1
12262,2
12264,2
12270,1
12272,2
12273,2
12276,4
12281,2
12285,2
12286,4
12292,2
12295,2
12300,4
12304,2
12307,2
12309,4
12319,4
12321,2
12325,4
12326,2
12328,1
12331,1
12332,2
12333,3
12338,4
12345,2
12347,2
12351,4
12356,2
12357,1
12360,4
12366,1
12369,4
12374,2
12375,2
12377,3
12379,3
12386,3
12388,3
12391,2
12393,4
12394,4
12400,1
12404,1
12408,4
12409,2
12411,1
12413,4
12418,2
12420,2
12425,1
12430,4
12432,2
12435,4
12440,4
12442,2
12447,3
12450,1
12451,1
12453,4
12461,2
12462,2
12463,1
12470,4
12480,3
12481,2
12484,4
12489,2
12490,4
12495,4
12498,2
12499,1
12500,3
12505,1
12507,2
12509,4
12511,1
12514,4
12517,4
12521,3
12537,4
12542,2
12549,2
12558,1
12560,4
12563,0
12565,4
12566,2
12570,4
12571,4
12580,4
12581,4
12582,1
12583,4
12587,3
12588,3
12589,2
12590,2
12604,4
12607,2
12608,4
12609,1
12614,1
12620,2
12621,4
12622,2
12627,4
12629,2
12634,2
12636,2
12637,2
12639,2
12642,2
12643,2
12649,4
12656,1
12659,2
12666,4
12667,2
12675,3
12677,3
12678,2
12680,2
12681,2
12685,2
12691,2
12693,2
12694,2
12697,2
12698,1
12702,2
12703,4
12705,2
12707,3
12717,4
12718,2
12722,4
12723,2
12725,4
12726,4
12727,1
12738,4
12739,4
12744,4
12747,3
12755,2
12757,2
12764,4
12767,1
12770,3
12777,4
12778,4
12781,4
12785,1
12787,1
12792,2
12793,3
12795,4
12796,3
12804,4
12805,1
12816,2
12817,2
12824,2
12826,4
12836,2
12840,4
12846,1
12847,2
12852,4
12856,2
12861,3
12865,2
12870,2
12871,2
12874,2
12880,4
12881,2
12888,0
12889,2
12893,4
12897,3
12898,4
12900,1
12903,4
12904,4
12907,4
12908,4
12909,1
12911,2
12912,3
12914,2
12920,3
12923,3
12929,2
12931,2
12935,4
12943,2
12948,4
12951,4
12955,4
12956,1
12957,4
12959,1
12962,2
12967,2
12971,2
12972,4
12974,2
12975,4
12979,2
12983,2
12985,2
12986,3
12990,2
12995,4
12997,2
13000,2
13002,3
13006,1
13007,1
13012,2
13014,1
13016,4
13019,4
13021,2
13022,4
13039,2
13042,2
13043,4
13048,4
13050,4
13052,4
13058,2
13060,3
13063,3
13068,2
13071,4
13074,4
13076,2
13078,3
13079,4
13083,2
13087,2
13094,2
13095,1
13103,2
13104,1
13107,3
13108,2
13118,4
13128,1
13135,4
13136,2
13138,2
13140,2
13145,2
13146,4
13148,1
13149,1
13158,2
13173,4
13175,2
13176,2
13185,2
13187,2
13188,4
13189,3
13190,4
13195,1
13196,3
13203,2
13205,2
13207,4
13209,4
13213,3
13218,2
13221,1
13222,4
13223,1
13227,2
13232,2
13235,4
13238,4
13239,2
13243,4
13244,2
13250,4
13260,2
13263,3
13265,4
13267,1
13268,2
13269,4
13274,4
13279,4
13280,1
13285,4
13286,2
13296,3
13297,2
13303,4
13307,2
13308,4
13318,1
13329,4
13333,1
13335,2
13336,1
13340,2
13350,2
13352,2
13355,1
13357,1
13358,2
13367,1
13368,4
13370,1
13376,2
13377,1
13379,4
13382,4
13393,4
13400,1
13407,4
13409,4
13414,4
13417,2
13418,2
13419,3
13420,4
13422,2
13424,4
13425,1
13427,2
13431,4
13435,4
13437,1
13438,4
13441,2
13442,2
13443,2
13445,4
13448,4
13450,2
13452,2
13455,4
13458,2
13460,2
13463,3
13467,2
13479,4
13484,4
13485,3
13490,4
13494,3
13496,2
13499,3
13505,2
13507,3
13511,2
13512,2
13513,2
13517,2
13523,0
13525,4
13526,4
13530,1
13537,2
13538,2
13541,2
13543,4
13548,4
13552,4
13554,2
13557,2
13568,2
13569,1
13572,2
13575,4
13578,4
13583,4
13586,2
13592,2
13593,2
13599,1
13611,2
13615,1
13622,2
13628,4
13629,4
13635,2
13636,2
13646,4
13655,2
13660,3
13665,1
13668,1
13669,1
13674,4
13677,2
13680,4
13681,4
13682,1
13684,2
13687,1
13689,4
13692,2
13696,4
13700,2
13701,2
13702,4
13708,4
13709,2
13712,1
13717,4
13721,2
13724,2
13725,4
13726,4
13727,3
13732,2
13733,4
13734,4
13736,3
13737,4
13739,2
13746,1
13748,4
13757,4
13763,2
13764,1
13768,4
13771,1
13772,4
13773,4
13774,4
13775,2
13778,2
13780,4
13786,4
13788,4
13793,2
13794,4
13795,2
13796,4
13798,4
13799,4
13800,1
13802,4
13804,3
13810,2
13822,2
13833,4
13836,4
13837,2
13839,4
13852,1
13855,1
13857,0
13863,2
13864,3
13866,2
13870,2
13873,2
13879,3
13885,4
13890,2
13891,4
13893,2
13898,2
13901,2
13903,4
13906,2
13908,1
13910,4
13913,2
13915,1
13916,4
13917,2
13918,2
13928,1
13931,2
13933,4
13937,4
13939,1
13945,2
13949,2
13950,4
13951,2
13952,2
13953,1
13954,1
13955,4
13962,2
13964,2
13965,2
13966,2
13967,4
13968,2
13972,1
13973,1
13974,2
13981,1
13984,4
13994,2
13996,4
13999,3
14004,2
14005,1
14009,1
14010,4
14011,2
14013,4
14016,4
14018,2
14020,4
14031,4
14032,2
14035,2
14048,4
14055,1
14057,4
14059,4
14060,4
14061,4
14064,1
14065,1
14066,1
14068,2
14073,1
14081,1
14082,4
14086,4
14090,2
14093,2
14095,2
14097,4
14099,1
14101,4
14104,2
14108,4
14110,4
14118,4
14125,4
14134,4
14141,2
14151,3
14154,4
14155,4
14156,2
14158,4
14162,4
14167,1
14170,4
14173,2
14174,1
14175,2
14182,4
14187,4
14193,4
14197,2
14198,3
14201,2
14202,4
14203,2
14204,4
14207,4
14208,4
14211,1
14213,2
14220,4
14221,2
14231,4
14233,1
14234,2
14235,1
14236,2
14240,2
14241,2
14242,2
14244,2
14247,2
14249,4
14251,2
14253,2
14254,2
14255,2
14257,2
14261,4
14263,1
14264,2
14266,4
14268,4
14278,3
14280,2
14287,4
14288,4
14290,2
14294,2
14295,1
14296,2
14299,2
14314,3
14315,2
14318,2
14324,4
14325,2
14335,2
14337,2
14343,4
14344,1
14356,1
14358,4
14359,2
14360,2
14361,2
14363,2
14366,2
14367,2
14368,4
14369,3
14370,4
14371,4
14372,2
14374,2
14375,4
14376,2
14380,1
14384,2
14385,4
14386,2
14391,4
14396,1
14398,1
14403,4
14408,1
14411,2
14416,4
14418,2
14420,2
14425,3
14426,3
14430,2
14431,3
14433,2
14434,1
14436,2
14443,4
14446,2
14449,1
14450,2
14453,2
14458,4
14459,4
14460,2
14461,2
14464,3
14467,2
14470,1
14471,2
14473,3
14476,3
14477,1
14487,1
14490,1
14491,4
14494,4
14496,4
14500,2
14501,4
14506,4
14508,2
14510,1
14511,4
14518,4
14520,2
14521,1
14522,2
14528,2
14531,1
14534,2
14538,2
14552,1
14553,1
14560,3
14563,1
14566,2
14567,2
14568,3
14571,2
14573,4
14576,2
14584,4
14586,2
14590,1
14591,2
14592,2
14595,4
14596,2
14597,2
14599,3
14604,4
14605,1
14606,4
14609,4
14611,4
14615,4
14618,2
14620,2
14623,2
14630,1
14631,2
14641,4
14642,2
14644,4
14646,4
14648,2
14655,4
14659,2
14660,4
14661,1
14671,2
14673,4
14677,4
14679,1
14682,2
14684,3
14687,4
14688,4
14690,4
14692,2
14700,1
14704,3
14716,2
14717,2
14724,1
14725,1
14728,1
14729,4
14730,4
14737,2
14738,2
14740,2
14742,4
14749,1
14755,1
14758,4
14761,1
14764,2
14767,4
14770,4
14771,3
14774,2
14775,4
14779,1
14780,2
14781,4
14782,2
14785,1
14786,2
14789,1
14795,1
14799,2
14800,2
14801,2
14802,3
14807,2
14809,4
14829,4
14832,4
14834,2
14837,4
14844,2
14845,4
14847,2
14850,4
14851,2
14852,4
14855,2
14859,4
14864,4
14873,4
14874,2
14877,4
14880,4
14885,2
14888,2
14889,4
14893,2
14904,2
14905,4
14912,3
14916,2
14918,1
14920,2
14921,2
14922,3
14926,2
14935,2
14936,1
14937,2
14939,2
14945,2
14952,4
14955,3
14956,4
14957,1
14961,4
14962,2
14965,3
14970,2
14979,4
14982,2
14984,4
14986,2
14987,0
14989,4
14990,4
